name,url,level,flavor,species,,,
Boar,https://i.imgur.com/gAu5b8C.png,1,"gores you with brutal, earth-caked tusks",Dragon,,Row Labels,Count of species
Boggle,https://i.imgur.com/WjZU5Ww.jpeg,1,pops into view and drenches you in sticky ectoplasm,Dragon,,Aberration,16
Camel,https://i.imgur.com/tjZh9rb.png,1,"kicks and spits with stubborn, sand-worn hooves",Celestial,,Beast,30
Commoner (F),https://i.imgur.com/v1BrB1M.png,1,"swings a worn tool with desperate, mortal fury",Humanoid,,Celestial,52
Commoner (M),https://i.imgur.com/v7Y2etb.png,1,"lashes out with a clumsy, terrified strike",Humanoid,,Construct,11
Deer,https://i.imgur.com/y9k4X9m.png,1,"bolts away, hooves flashing as it tramples in panic",Beast,,Dragon,47
Ghoul,https://i.imgur.com/6wDkbvd.jpeg,1,surges from the depths and snaps with massive jaws,Construct,,Elemental,17
Giant Fish,https://i.imgur.com/ksaopOc.jpeg,1,dives from the heights and rends with titanic talons,Aberration,,Fey,18
Giant Roc,https://i.imgur.com/CB48Htd.jpeg,1,slashes and bites with hyena-maddened frenzy,Humanoid,,Fiend,49
Goblin,https://i.imgur.com/Tp3ckYn.png,1,stops time for a heartbeat and rewrites your fate,Undead,,Giant,9
Mogwai,https://i.imgur.com/0Dz0bIh.jpeg,1,"springs forward with deceptively cute, vicious claws",Monstrosity,,Humanoid,149
Nymph,https://i.imgur.com/SGmHRr9.jpeg,1,gestures gracefully and lashes you with living water,Fey,,Monstrosity,37
Pony,https://i.imgur.com/oJ1SKv1.png,1,"kicks and bites with surprising, pony-sized fury",Beast,,Ooze,3
Priest,https://i.imgur.com/lAdvuNW.png,1,raises a symbol and smites you with sacred light,Humanoid,,Plant,3
Rat,https://i.imgur.com/XISoBVT.png,1,scurries in and snaps with needle-like teeth,Beast,,Undead,18
Slime,https://i.imgur.com/VYwjwps.jpeg,1,sloshes forward and attempts to engulf you whole,Ooze,,Grand Total,459
Spriggan,https://i.imgur.com/qIpELXJ.jpeg,1,"shrinks, swells, and then crushes you with wild strength",Fey,,,
Sprite,https://i.imgur.com/hrnMgFM.png,1,"zips in and delivers a mischievous, stinging blow",Fey,,,
Spritz,https://i.imgur.com/0QfZUv6.jpeg,1,"sprays you with a jet of sparkling, biting mist",Monstrosity,,,
Tiny Lizard,https://i.imgur.com/AsJoHSF.jpeg,1,"darts in and nips with a tiny, lizard-toothed bite",Fiend,,,
Weasel,https://i.imgur.com/CMM85Cd.png,1,"launches itself with a furious, squeaking bite",Dragon,,,
Alchemist,https://i.imgur.com/T1zlNRU.jpeg,2,hurls an unstable vial that detonates on impact,Humanoid,,,
Badger,https://i.imgur.com/IfYv06d.png,2,lunges with a frenzy of desperate bites and claws,Humanoid,,,
Bandit (F),https://i.imgur.com/Pv6FAy7.png,2,"slashes with a brigand's cruel, practiced blade",Fey,,,
Bandit (M),https://i.imgur.com/1HbfwHp.png,2,strikes quick and dirty with a cutthroat's dagger,Humanoid,,,
Bat,https://i.imgur.com/6rgv9TS.png,2,dives from the dark and rakes you with tiny claws,Fiend,,,
Crab,https://i.imgur.com/PRhlrd9.png,2,"scuttles in and pinches with cruel, grinding claws",Beast,,,
Cultist (F),https://i.imgur.com/fn6MkJI.png,2,chants fanatically and slashes with ritual fervor,Humanoid,,,
Cultist (M),https://i.imgur.com/7ewnh60.png,2,stares with wild devotion and plunges in a dagger,Humanoid,,,
Desert Rat,https://i.imgur.com/Fq66WHg.jpeg,2,skitters in and bites with desperate ferocity,Beast,,,
Dust Mephit,https://i.imgur.com/IYHgHd7.png,2,dives with talons spread and a piercing cry,Elemental,,,
Eagle,https://i.imgur.com/eyMLL1p.png,2,slams you with a mass of grinding stone and earth,Beast,,,
Elk,https://i.imgur.com/NI4nLF9.png,2,draws twin blades and strikes with demonic precision,Beast,,,
Jelly,https://i.imgur.com/aLTloOU.jpeg,2,oozes forward and engulfs you in corrosive slime,Construct,,,
Kirin,https://i.imgur.com/lDvfDJ5.jpeg,2,tramples the air and smites with storm-wreathed hooves,Dragon,,,
Kobold,https://i.imgur.com/crMqplB.png,2,lunges with dagger and sling in desperate terror,Fey,,,
Noble (F),https://i.imgur.com/7t5gxR2.png,2,"lashes out with a jeweled, courtly strike",Humanoid,,,
Noble (M),https://i.imgur.com/pMDtaDb.png,2,"cuts you down with a practiced, aristocratic blow",Humanoid,,,
Oracle,https://i.imgur.com/6BlMZOR.jpeg,2,speaks a doom-laden prophecy that strikes like lightning,Humanoid,,,
Phase Spider,https://i.imgur.com/dlZv4Eo.png,2,slips between planes and bites from empty air,Monstrosity,,,
Raven,https://i.imgur.com/s0OaMkk.png,2,swoops close and rakes you with inky black talons,Beast,,,
Revenant,https://i.imgur.com/H8NZIaK.jpeg,2,reaches from the grave and strikes with relentless hate,Undead,,,
River Fairy,https://i.imgur.com/js8ZhvN.jpeg,2,flicks water that blooms into razor-edged river waves,Fey,,,
Selkie,https://i.imgur.com/EFMQ6la.jpeg,2,"splashes you with a wave of biting, icy seawater",Fey,,,
Skeleton,https://i.imgur.com/dmi3u1v.png,2,rattles its bones and hacks with rusted weaponry,Undead,,,
Undead,https://i.imgur.com/kC8cyMo.png,2,staggers forward and claws with deathless hunger,Monstrosity,,,
Unicorn,https://i.imgur.com/YuzNcIQ.png,2,lowers its horn and charges in a burst of holy light,Undead,,,
Vampire Noblewoman,https://i.imgur.com/sihNwLP.png,2,"curtsies, then drains you with a chilling, noble kiss",Monstrosity,,,
Warhorse,https://i.imgur.com/LcsCQiy.png,2,"rears and crashes down with shod, iron-shod hooves",Dragon,,,
Angel,https://i.imgur.com/MZCmVUc.jpeg,3,brands you with a blade of radiant judgment,Celestial,,,
Assassin,https://i.imgur.com/grmKZcv.png,3,strikes from the shadows with a killing blow,Celestial,,,
Awakened Shrub,https://i.imgur.com/Q2Me00c.png,3,"lashes you with thorny, animated branches",Humanoid,,,
Baboon,https://i.imgur.com/1rmkW6u.png,3,"snaps at you with shrieking, feral rage",Plant,,,
Black Dragon Wyrmling,https://i.imgur.com/eW28lgy.png,3,"spits a thin, sizzling line of black acid",Undead,,,
Blue Dragon Wyrmling,https://i.imgur.com/WdjPn89.png,3,spits a crackling bolt of infant blue lightning,Dragon,,,
Brass Dragon Wyrmling,https://i.imgur.com/xFPj7LT.png,3,belches a small but scorching cone of desert flame,Dragon,,,
Bronze Dragon Wyrmling,https://i.imgur.com/XmRLUES.png,3,releases a spray of bronze sparks and seawater,Fey,,,
Bulette,https://i.imgur.com/U4Fow88.png,3,burrows up beneath you in a shower of shattered stone,Fiend,,,
Clockwork Soldier,https://i.imgur.com/Ix0BS4J.jpeg,3,lashes out with whirring gears and steel-edged limbs,Humanoid,,,
Cockatrice,https://i.imgur.com/7RMvZbQ.png,3,"pecks and beats you with diseased, stony wings",Celestial,,,
Constrictor Snake,https://i.imgur.com/JWvtNxk.png,3,wraps around you and crushes with unyielding coils,Beast,,,
Copper Dragon Wyrmling,https://i.imgur.com/kIXdZmO.png,3,snaps tiny jaws and exhales a sputter of copper sparks,Dragon,,,
Crocodile,https://i.imgur.com/vEp2Hbk.png,3,erupts from the water in a death-roll of teeth and scales,Beast,,,
Crystal Fairy,https://i.imgur.com/DTjEF5p.png,3,flashes and cuts with a shard of prismatic crystal,Fey,,,
Druid,https://i.imgur.com/OkZDCpd.png,3,calls roots and thorns to tear your flesh apart,Humanoid,,,
Festival Dancer,https://i.imgur.com/ehWtWby.png,3,lashes you with whips of living flame,Giant,,,
Ghost,https://i.imgur.com/TbxL6J2.png,3,"charges in a blaze of spectral, violet fire",Elemental,,,
Gnoll,https://i.imgur.com/VUPXS8E.png,3,"stabs with a cruel, rust-pitted blade",Undead,,,
Lancer,https://i.imgur.com/MOwO771.jpeg,3,darts in with a piercing thrust and a war cry,Humanoid,,,
Mummy,https://i.imgur.com/zfgm9MQ.png,3,reaches with dust-dry hands that drain your life away,Undead,,,
Ochre Jelly,https://i.imgur.com/feqDk5V.png,3,surges forward and engulfs you in corrosive slime,Ooze,,,
Owlbear,https://i.imgur.com/KKiiJUy.png,3,bears you to the ground in a frenzy of beak and claws,Monstrosity,,,
Raging Spirit,https://i.imgur.com/5FFRo2o.jpeg,3,erupts in a flare of rage that burns like blue fire,Undead,,,
Scorpion,https://i.imgur.com/VseXXYh.png,3,"stings with a venomous, lightning-quick tail",Beast,,,
Templar,https://i.imgur.com/P0lJrdZ.jpeg,3,raises a radiant blade and strikes in the god's name,Humanoid,,,
Vampire Lady,https://i.imgur.com/AM23eWW.jpeg,3,smiles faintly and drinks your blood as you weaken,Humanoid,,,
Duneslayer,https://i.imgur.com/97LcAwx.jpeg,3,rises from the dunes and cuts you down like drifting sand,Humanoid,,,
Prowling Sentinel,https://i.imgur.com/jzOQPLL.jpeg,3,"prowls the perimeter, then strikes with ruthless precision",Humanoid,,,
Clockwork Street Urchin,https://i.imgur.com/F1ysW9y.jpeg,3,"clacks and whirs into a sprint, tossing scrap distractions before clocking you with a spanner",Humanoid,,,
Apprentice Hedge Mage,https://i.imgur.com/8WFDpRT.jpeg,3,"fumbles a page, stammers a word, then accidentally unleashes a spell that hits harder than promised",Humanoid,,,
Black Bear,https://i.imgur.com/9ULPpel.png,4,"crashes into you with ursine, bone-crushing force",Fiend,,,
Blink Dog,https://i.imgur.com/2SSApUQ.png,4,flickers from sight and snaps at you mid-blink,Fiend,,,
Blood Hawk,https://i.imgur.com/jRc16Vu.png,4,dives with blood-maddened talons outstretched,Beast,,,
Chillwind Yeti,https://i.imgur.com/To1ri6I.jpeg,4,roars and exhales a blast of soul-numbing frost,Monstrosity,,,
Corrupted Dryad,https://i.imgur.com/wBzgoSP.png,4,lashes you with withered vines dripping corruption,Fey,,,
Dream Eater,https://i.imgur.com/o6wRYIe.jpeg,4,presses its snout to your brow and devours your dreams,Aberration,,,
Harpy,https://i.imgur.com/ykpy8ub.png,4,swoops and slashes with talons and shrieking song,Celestial,,,
Lilith,https://i.imgur.com/iv3JtOL.jpeg,4,whispers your true name and tears at your soul,Elemental,,,
Sabretooth Tiger,https://i.imgur.com/reySeyW.jpeg,4,pounces and tears with sabre-long fangs,Beast,,,
Shifter,https://i.imgur.com/8vZF7ZM.jpeg,4,"twists mid-form and strikes with feral, shifting claws",Humanoid,,,
Shrieker,https://i.imgur.com/Qm06Eqq.png,4,releases an ear-splitting shriek that flays your nerves,Plant,,,
Siren,https://i.imgur.com/n7H4YmV.jpeg,4,sings a haunting note that drags you beneath the waves,Monstrosity,,,
Succubus,https://i.imgur.com/QDVjjYT.jpeg,4,touches you with a kiss that sears like hellfire,Fiend,,,
Treant,https://i.imgur.com/4Pe8pxj.png,4,brings down a branch like a falling tower of wood,Beast,,,
Werewolf,https://i.imgur.com/HuC5dm5.png,4,snaps bones with jaws fueled by the savage moon,Dragon,,,
Wight,https://i.imgur.com/l4n8hLB.png,4,points a withered finger that leeches your living strength,Dragon,,,
Wild Hunt,https://i.imgur.com/C60ORgG.jpeg,4,horns down and drives the hunt straight through you,Dragon,,,
Woodling Witch,https://i.imgur.com/eWjUDuD.jpeg,4,snaps her fingers and lashes you with thorned branches,Dragon,,,
Worg,https://i.imgur.com/VjglcTo.png,4,lunges and tears with lupine fury and malice,Humanoid,,,
Young Blue Dragon,https://i.imgur.com/UHGB038.png,4,snaps its jaws and spits a sharp bolt of young lightning,Celestial,,,
Young Brass Dragon,https://i.imgur.com/LAM2HuQ.png,4,breathes a thin cone of scorching desert flame,Monstrosity,,,
Young Bronze Dragon,https://i.imgur.com/Nvkb2Jb.png,4,cackles and spits sparks of seawater and storm,Humanoid,,,
Young Copper Dragon,https://i.imgur.com/NM5HNNs.png,4,"spits a spray of acidic, copper-green sludge",Humanoid,,,
Young Gold Dragon,https://i.imgur.com/zUIEVZy.png,4,breathes a narrow fan of molten golden fire,Humanoid,,,
Young Green Dragon,https://i.imgur.com/vJfOlCs.png,4,"belches a toxic cloud of emerald, cloying gas",Undead,,,
Young Red Dragon,https://i.imgur.com/BbGl77Z.png,4,"spits a jet of raw, searing flame",Humanoid,,,
Young Silver Dragon,https://i.imgur.com/1EPC4Jv.png,4,exhales a cutting blast of argent winter,Humanoid,,,
Young White Dragon,https://i.imgur.com/5WnkMv4.png,4,"huffs a cone of biting, brittle frost",Humanoid,,,
Abandoned Samurai,https://i.imgur.com/FCrcvWo.jpeg,6,"draws his blade and cuts with a weary, perfect stroke",Fey,,,
Sinister Trickster,https://i.imgur.com/0z3a1jT.jpeg,4,"winks and strikes with a cruel, mocking flourish",Fiend,,,
Sylvan River Warden,https://i.imgur.com/gAkIRYm.jpeg,4,calls the river to crush around you,Fey,,,
Hollowshade Enchantress,https://i.imgur.com/Vlp8uC2.jpeg,4,funnels emptiness into a cursed hex,Humanoid,,,
Ivory Outrider,https://i.imgur.com/GpY41pM.jpeg,4,draws and fires with spotless precision,Humanoid,,,
Crimson Sun Knightly Company,https://i.imgur.com/Aa37ypr.jpeg,4,crashes together in a wall of steel and sunfire that tramples everything in its path,Humanoid,,,
Training Yard Battlette,https://i.imgur.com/vgrEo0R.jpeg,4,"stumbles, adjusts her stance, then surges forward with a training strike that hits like a real battle",Humanoid,,,
Abyssplate Demoness,https://i.imgur.com/x4t7ABj.jpeg,4,"steps from her armor’s shadow and turns the weight of the abyss into a single, crushing blow",Fiend,,,
Air Elemental,https://i.imgur.com/CG2nohi.png,5,rips through you on a slicing gale,Elemental,,,
Alluring Witch,https://i.imgur.com/8APYquL.jpeg,5,whispers a seductive curse under her breath,Humanoid,,,
Androsphinx,https://i.imgur.com/Dk1oGzX.png,5,roars a riddle that shakes your very soul,Monstrosity,,,
Animated Armor,https://i.imgur.com/XN5Joog.png,5,"slams you with a hollow, iron-fisted blow",Construct,,,
Bearded Devil,https://i.imgur.com/VVFCs64.png,5,"lashes out with a beard of burning, barbed chains",Celestial,,,
Blood Elemental,https://i.imgur.com/9OmEVEw.jpeg,5,erupts in a crimson surge of hungering vitae,Beast,,,
Dragonscale Librarian,https://i.imgur.com/gLKzORU.jpeg,5,lashes out with shelves and tomes made of dragonscale,Humanoid,,,
Drow,https://i.imgur.com/BZE7oQM.png,5,slips from the shadows and stabs with a poisoned blade,Humanoid,,,
Dryad,https://i.imgur.com/cwtDRuR.png,5,flings stinging grit that scours skin and eyes,Fey,,,
Enchantress,https://i.imgur.com/9U8CUzB.png,5,"slashes at your mind with a jealous, venomous gaze",Humanoid,,,
Envy Demon,https://i.imgur.com/BnzMRDg.jpeg,5,looses hellforged arrows that burn with infernal fire,Fiend,,,
Ettin,https://i.imgur.com/o9euaFg.jpeg,5,whirls in a shower of silk and jewel-bright blades,Giant,,,
Fire Elemental,https://i.imgur.com/jG4dcgo.png,5,brings down a sword blow like a falling volcano,Humanoid,,,
Flesh Golem,https://i.imgur.com/VaYeENp.png,5,calls down knives of black ice from a frozen sky,Giant,,,
Frost Cultist,https://i.imgur.com/a9zINpN.jpeg,5,draws you toward an all-swallowing stellar abyss,Construct,,,
Gynosphinx,https://i.imgur.com/EYQHtpi.png,5,poses a riddle and lashes out with leonine claws,Humanoid,,,
Hellhound,https://i.imgur.com/GSDbSz5.png,5,belches a cone of blistering hellfire,Dragon,,,
Hobgoblin,https://i.imgur.com/shSbB5N.png,5,barks orders and strikes with military precision,Monstrosity,,,
Lamia,https://i.imgur.com/Liu4lTg.png,5,lashes you with a serpent's tail and cruel blade,Humanoid,,,
Lightning Queen,https://i.imgur.com/u8BCGtQ.png,5,summons a thunderhead and lashes you with living lightning,Undead,,,
Oni,https://i.imgur.com/Cp5UuXV.png,5,swings a massive blade wreathed in ghostly flame,Giant,,,
Pit Fiend,https://i.imgur.com/iufuRKG.png,5,lashes out with a whip of infernal flame and chains,Fiend,,,
Planetar,https://i.imgur.com/KJxaVOx.png,5,brings down a sword of emerald light and judgment,Celestial,,,
Quetzalcoatl,https://i.imgur.com/fyEtx7h.jpeg,5,descends in a coil of feather and storm-wreathed scales,Dragon,,,
Shoggoth,https://i.imgur.com/W6xmAq2.jpeg,5,oozes forward and batters you with writhing pseudopods,Aberration,,,
Sphinx,https://i.imgur.com/ZKCoPYj.jpeg,5,poses an impossible riddle and slashes with lion's claws,Monstrosity,,,
Greater Succubus,https://i.imgur.com/X1QIopO.png,5,steps from the shadows with a smile of weaponized desire,Fiend,,,
Vampire,https://i.imgur.com/vjHYMGj.png,5,steps close and sinks in teeth that drain your life,Fey,,,
Vrock,https://i.imgur.com/Vb5uTpH.png,5,whirls in and tears with claws and filthy beak,Dragon,,,
Yuan Ti,https://i.imgur.com/B9BMiE2.jpeg,5,lashes out with fangs slick with serpentine venom,Celestial,,,
Elemental Phoenix,https://i.imgur.com/dEn6bWv.jpeg,5,"erupts in a storm of reborn, elemental flame",Elemental,,,
Fallen Cloister,https://i.imgur.com/T9BmccJ.jpeg,5,flickers with lost prayers and lashes you with holy ash,Undead,,,
Holy Elemental,https://i.imgur.com/OTy8BHI.jpeg,5,coalesces into blazing sigils and blasts you with purity,Elemental,,,
Verdant Huntress,https://i.imgur.com/s7POJPd.jpeg,5,"draws and fires a shot of emerald, hunting light",Monstrosity,,,
Obsidian Valkyrie,https://i.imgur.com/aej2XVH.jpeg,5,charges with a shield of obsidian,Humanoid,,,
Vulpine Grove Fiend,https://i.imgur.com/w0kfmuq.jpeg,5,rips at you with foxfire claws,Fiend,,,
Colossus of Blacksteel,https://i.imgur.com/egxbPUq.jpeg,5,brings down a titanic iron greatsword,Construct,,,
Sanctified Seraph,https://i.imgur.com/30bZ9Pe.jpeg,5,sears you with sanctified radiance,Celestial,,,
Nightgrove Panther,https://i.imgur.com/DjY8pE2.jpeg,5,pounces with silent panther's grace,Beast,,,
Naiadic Trickster,https://i.imgur.com/ssNED1I.jpeg,5,erupts in a torrent of living water,Fey,,,
Redmane Shieldmaiden of the North,https://i.imgur.com/XFOiT3Q.jpeg,5,plants her shield in the frostbitten ground and batters you with northern ferocity,Humanoid,,,
Duneveil Bride of the Wastes,https://i.imgur.com/VI0dg55.jpeg,5,lifts her veil of sand and lashes you with ribbons of glass-sharp wind,Humanoid,,,
Ivorywood Elven Thaumaturge,https://i.imgur.com/DxF6n8v.jpeg,5,"traces a sigil in the air and turns roots, bark, and breeze into a spell that unravels you",Humanoid,,,
Verdant Sylvan Marksman,https://i.imgur.com/vCeZixP.jpeg,5,melts into the undergrowth and looses a single arrow that finds the gap in your armor,Humanoid,,,
Tempest Oni Channeler,https://i.imgur.com/krqNCYk.jpeg,5,draws storm-signs in the air and sends a thunderbolt screaming down the length of her blade,Fiend,,,
Joan of the Argent Greatsword,https://i.imgur.com/Z98afwg.jpeg,5,"plants her greatsword in the earth and charges, turning duty and steel into an unstoppable line",Humanoid,,,
Anhkeg,https://i.imgur.com/OhS8vYU.png,6,erupts from the earth in a spray of acidic loam,Monstrosity,,,
Ape,https://i.imgur.com/s7StUuZ.png,6,"pummels you with brutish, bone-cracking fists",Beast,,,
Basilisk,https://i.imgur.com/qJFR6Mp.png,6,"fixes you with a petrifying, basilisk stare",Fiend,,,
Behir,https://i.imgur.com/L0QQkls.png,6,unleashes a torrent of lightning from its many maws,Celestial,,,
Bridge Troll,https://i.imgur.com/zmp3TWx.jpeg,6,lurches from beneath the bridge with a crushing club,Beast,,,
Chuul,https://i.imgur.com/qQU6oja.png,6,seizes you in chitinous claws slick with sludge,Aberration,,,
Constellation Conjurer,https://i.imgur.com/5qRx0Sp.png,6,weaves the stars into a spell that crashes down on you,Humanoid,,,
Dire Wolf,https://i.imgur.com/Ro1Zw2s.png,6,lunges with jaws and fangs like snapping bear traps,Beast,,,
Earth Elemental,https://i.imgur.com/g43bB5V.png,6,splits the ground beneath you with a quaking roar,Elemental,,,
Elephant,https://i.imgur.com/BkLYsYw.png,6,lowers its antlers and charges in a wild rush,Beast,,,
Ethereal Phoenix,https://i.imgur.com/nwfnCso.png,6,skitters in and slashes with poison-dripping claws,Celestial,,,
Gale Princess,https://i.imgur.com/4zcgRfO.png,6,"rends you with claws of jagged, living stone",Aberration,,,
Hezrou,https://i.imgur.com/OQhmQ0n.png,6,"smashes into you with reeking, toadish bulk",Monstrosity,,,
High Cultist,https://i.imgur.com/4c1Izox.jpeg,6,raises a dagger and calls down infernal favor,Humanoid,,,
Hill Giant,https://i.imgur.com/O1JPWCq.png,6,brings down a tree-trunk club with crushing force,Monstrosity,,,
Horned Devil,https://i.imgur.com/2mIRLwW.png,6,stabs with a barbed trident wreathed in hellfire,Fiend,,,
Ice Devil,https://i.imgur.com/hR67Ua0.png,6,skewers you on a spear of killing frost,Fiend,,,
Ice Queen,https://i.imgur.com/smBmOuV.png,6,summons a blizzard and cuts with razor-edged ice,Giant,,,
Incubus,https://i.imgur.com/tuv9BLb.png,6,leans close and steals warmth with a deadly kiss,Fiend,,,
Lich,https://i.imgur.com/I0DHGqv.png,6,points a finger and unravels your life with a word,Dragon,,,
Lunar Empress,https://i.imgur.com/bD8Drxr.png,6,calls down a crescent of moonfire that cleaves the night,Humanoid,,,
Lunar Sorcerer,https://i.imgur.com/ZTl0yCJ.png,6,weaves silver starlight into a searing lunar lance,Humanoid,,,
Lunar Sorceress,https://i.imgur.com/MGddHB9.png,6,traces a sigil of moons and blasts you with cold radiance,Humanoid,,,
Ogre,https://i.imgur.com/t252sg8.png,6,brings down a crude but crushing club,Giant,,,
Orc Chief,https://i.imgur.com/jPYjAPC.png,6,"roars and hews you down with brutal, orcish strength",Humanoid,,,
Purple Worm,https://i.imgur.com/wFmgxY2.png,6,erupts from below and bites you cleanly in half,Monstrosity,,,
Queen of Flames,https://i.imgur.com/xQgTqff.png,6,fans herself and casts you into a storm of scarlet flame,Humanoid,,,
Queen of Hearts,https://i.imgur.com/TXQxgUY.png,6,touches her chest and breaks your heart with a glance,Humanoid,,,
Queen of Lava,https://i.imgur.com/Dzlbw0g.png,6,sends a wave of molten stone rolling over you,Humanoid,,,
Queen of The Forest,https://i.imgur.com/G9wF73T.png,6,calls the forest itself to rise and tear you apart,Humanoid,,,
Roper,https://i.imgur.com/8qziTDr.jpeg,6,lashes out with barbed tendrils from every angle,Monstrosity,,,
Specter,https://i.imgur.com/jzJXE5y.png,6,reaches through you with a chill that steals your breath,Undead,,,
Spirit Naga,https://i.imgur.com/vjBayGt.png,6,"lashes out with fangs and a corrosive, venomous bite",Monstrosity,,,
Wendigo,https://i.imgur.com/WMEHowB.jpeg,6,screams and tears at you with frostbitten talons,Dragon,,,
Wyvern,https://i.imgur.com/uhzN9UQ.png,6,"dives and stabs with a poisoned, barbed tail",Humanoid,,,
Hellbound Pugilist,https://i.imgur.com/CK95GXg.jpeg,6,surges forward and pummels you with infernal fists,Fiend,,,
Infernal Grappler,https://i.imgur.com/6nlHgjE.jpeg,6,grabs hold and crushes you in a grapple of burning chains,Fiend,,,
Frostfang Huntress,https://i.imgur.com/g0j6rIp.jpeg,6,lunges with frostbitten fangs,Humanoid,,,
Argent Dragon Matriarch,https://i.imgur.com/venZ8PL.jpeg,6,lashes with argent draconic talons,Dragon,,,
Bloodmoon Huntress,https://i.imgur.com/NZWbECA.jpeg,6,lunges with feral bloodlust,Humanoid,,,
Grand Sylvan Titania,https://i.imgur.com/OdjHC8z.jpeg,6,"lashes with vast, sylvan wings",Fey,,,
Pale Wraith Maiden,https://i.imgur.com/nd3K4YB.jpeg,6,drifts close with a soul-draining touch,Undead,,,
Sainted Banner Maiden,https://i.imgur.com/nbNWdTH.jpeg,6,charges with a banner of holy fire,Celestial,,,
Roseblade Duelist,https://i.imgur.com/sEgQeos.jpeg,6,slashes with a rose-tinted flourish,Humanoid,,,
Crimson Warblade,https://i.imgur.com/zIIbkkM.jpeg,6,carves a burning arc of crimson steel,Humanoid,,,
Foreststone Colossus,https://i.imgur.com/uvRjpsA.jpeg,6,tears free a hill-sized boulder and grinds you into the earth with it,Construct,,,
Moonleaf Elven Sharpshooter,https://i.imgur.com/YoEouF5.jpeg,6,vanishes into the canopy and reappears as a single arrow whispering death,Humanoid,,,
Azure Demon Slayer,https://i.imgur.com/HUvYc4w.jpeg,6,dives through infernal smoke and cleaves through demonic flesh without slowing,Humanoid,,,
Lepidoptera Court Princess,https://i.imgur.com/MDuhjcH.jpeg,6,flutters her wings and showers you with dust that turns every motion slow and dreamlike,Fey,,,
Aquamancer Adept,https://i.imgur.com/hDN6hwR.jpeg,6,whirls water into spirals around her hands and sends them hammering into your ribs,Humanoid,,,
Inkbound Yakuza Enforcer,https://i.imgur.com/CCyQjkI.jpeg,6,"slides his inked hands into his coat, then explodes into motion with strikes that bleed shadow",Humanoid,,,
Crowned Lionheart Matron,https://i.imgur.com/fS4oQKu.jpeg,6,raises her scepter and lets a lion’s roar of blessing and command surge through her allies,Humanoid,,,
Runesong Enchantress,https://i.imgur.com/PjZkyJ2.jpeg,6,"sings a single note that unravels into runes, weaving a spell-song that bends reality around you",Humanoid,,,
Owlspear Sentinel,https://i.imgur.com/XdX4CKQ.jpeg,6,"drops from the rafters without a sound and pins you in place with a single, surgical thrust",Humanoid,,,
Inkshadow Ronin,https://i.imgur.com/yclITAT.jpeg,6,"steps between lantern light and darkness, carving across your guard in a trail of inky afterimages",Humanoid,,,
Sapphire Phoenix,https://i.imgur.com/RJTQlON.jpeg,6,"bursts from blue flame and wheels overhead, raining down feathers that strike like burning spears",Celestial,,,
Abyssal Wyrm,https://i.imgur.com/TaMIVmT.jpeg,7,lashes out with a tide of abyssal venom,Dragon,,,
Adult Black Dragon,https://i.imgur.com/fSO1mu9.png,5,belches a stream of caustic black acid,Dragon,,,
Adult Blue Dragon,https://i.imgur.com/xZx46zD.png,5,unleashes a crackling bolt of desert lightning,Dragon,,,
Adult Brass Dragon,https://i.imgur.com/sfNfMoW.png,5,scours you with a furnace-hot sandstorm,Dragon,,,
Adult Bronze Dragon,https://i.imgur.com/4FtPQzm.png,5,erupts in a storm of lightning-charged spray,Dragon,,,
Adult Copper Dragon,https://i.imgur.com/6EM6bp4.png,5,spits a torrent of searing corrosive slime,Dragon,,,
Adult Gold Dragon,https://i.imgur.com/Yq9qORB.png,5,engulfs you in a cone of consecrated fire,Dragon,,,
Adult Green Dragon,https://i.imgur.com/gozH5L8.png,5,breathes a choking cloud of virulent poison,Dragon,,,
Adult Red Dragon,https://i.imgur.com/v1Aakcs.png,5,immolates you in a roaring inferno,Dragon,,,
Adult Silver Dragon,https://i.imgur.com/tU2NWQH.png,5,wreathes you in a blizzard of razored ice,Dragon,,,
Adult White Dragon,https://i.imgur.com/lT4XB79.png,5,exhales a killing blast of razor-edged frost,Dragon,,,
Archmage,https://i.imgur.com/evLhuhh.png,7,unleashes a storm of world-rending arcana,Humanoid,,,
Awakened Tree,https://i.imgur.com/wopqvsr.png,7,brings titanic limbs crashing down like falling oaks,Dragon,,,
Azer,https://i.imgur.com/wOeFuhi.png,7,hurls molten hammer-blows of living brass,Plant,,,
Balor,https://i.imgur.com/gSD466y.png,7,tears reality with a whip of demonfire and shadow,Dragon,,,
Celestial Being,https://i.imgur.com/s73aJWd.png,7,"brands your soul with blinding, star-forged light",Elemental,,,
Chad In A Bottle,https://i.imgur.com/r5gwF9s.jpeg,7,flexes impossibly and strikes with absurd might,Monstrosity,,,
Chimera,https://i.imgur.com/CgAyJsu.png,7,slashes and bites with threefold monstrous fury,Beast,,,
Clay Golem,https://i.imgur.com/EdwpEx9.png,7,brings down a sodden clay fist like a falling boulder,Construct,,,
Cloaker,https://i.imgur.com/QmYyGxn.png,7,wraps around you and bites with a muffled shriek,Humanoid,,,
Cloud Giant,https://i.imgur.com/yzfBxRR.png,7,hurls a boulder from the heights of the storm,Celestial,,,
Coral Golem,https://i.imgur.com/p50qODC.jpeg,7,"smashes you with a tide of jagged, living coral",Construct,,,
Couatl,https://i.imgur.com/9CBGpId.png,7,lashes out in a spiral of rainbow-feathered light,Celestial,,,
Dark Elf Sorceress,https://i.imgur.com/mo1sKkA.jpeg,7,weaves dark sigils and releases a storm of shadowflame,Humanoid,,,
Deva,https://i.imgur.com/Tg6RZv3.png,7,raises a hand in benediction that burns like the sun,Celestial,,,
Earthquake Elemental,https://i.imgur.com/VH3a8bW.png,7,hews you with a scimitar of living smokeless fire,Elemental,,,
Fire Giant,https://i.imgur.com/c4urD7b.png,7,"batters you with mismatched, stitched-together limbs",Elemental,,,
Gargoyle,https://i.imgur.com/yJ4VhAY.png,7,reaches through you with a chill that steals breath,Elemental,,,
Gold Dragon Empress,https://i.imgur.com/5CnxiJp.png,7,"snaps and kicks with iron-hard, serpentine hooves",Beast,,,
Gorgon,https://i.imgur.com/qqXsZIf.png,7,fixes you with a gaze of stone and venom,Monstrosity,,,
Gothic Empress,https://i.imgur.com/iwnITvM.png,7,extends a pale hand and drains your will to live,Humanoid,,,
Iron Golem,https://i.imgur.com/rtGS3sT.png,7,"brings down a titanic, adamantine fist",Fiend,,,
Jade Dragon Empress,https://i.imgur.com/vU2d3f4.png,7,breathes shards of jade light that cut like glass,Fiend,,,
Library Magician,https://i.imgur.com/uxsMsKa.png,7,flips a page and hurls a spell straight from the stacks,Monstrosity,,,
Lich Queen,https://i.imgur.com/U7KzwE0.png,7,raises her staff and calls down a reign of silent death,Undead,,,
Mummy Lord,https://i.imgur.com/yFK6EU5.png,7,raises a jeweled staff and curses you with eternal rot,Undead,,,
Princess of Tranquility,https://i.imgur.com/RgMS4rC.png,7,extends a calming hand and washes you in stillness,Humanoid,,,
Rose-graced Lady,https://i.imgur.com/pa8VsYW.png,7,twirls a rose and strikes with thorn-hidden steel,Humanoid,,,
Sovereign of Shadows,https://i.imgur.com/qUDNJZS.png,7,wraps the darkness around you and strikes unseen,Fiend,,,
Wendango,https://i.imgur.com/50akWqO.jpeg,7,unleashes a blizzard of hungering claws and ice,Dragon,,,
Xorn,https://i.imgur.com/C7EXQJu.png,7,spins and batters you with crystal-studded fists,Aberration,,,
Chained Anubis,https://i.imgur.com/42Iwo3q.jpeg,7,cracks his chains and smites you with jackal-headed wrath,Celestial,,,
Evolved Elemental,https://i.imgur.com/ghhCcTB.jpeg,7,crashes forward in a surge of refined elemental might,Elemental,,,
Red Emperor,https://i.imgur.com/9wxObkP.jpeg,7,"draws his blade and cuts with imperial, blazing wrath",Celestial,,,
Cerulean Reaper,https://i.imgur.com/2GcpOsJ.jpeg,7,reaps with a sweeping cerulean scythe,Humanoid,,,
Feline Trickster,https://i.imgur.com/biNSasz.jpeg,7,pounces with playful cruelty,Humanoid,,,
Shadowgrove Courser,https://i.imgur.com/cYlDhci.jpeg,7,tramples you from the shadowed grove,Beast,,,
Covenant Seraph,https://i.imgur.com/Dre1k1F.jpeg,7,brands you with a covenant's judgment,Celestial,,,
Solemn Oathwarden,https://i.imgur.com/C1TXyNx.jpeg,7,"strikes with an oathbound, heavy blow",Humanoid,,,
Oni War Princess,https://i.imgur.com/hA7tTeQ.jpeg,7,meets your charge head-on and hammers you with oni fury and iron discipline,Fiend,,,
Tempest Cloud Roc,https://i.imgur.com/iftKU7S.jpeg,7,dives from the stormfront with a scream of wind and talons big enough to crush wagons,Beast,,,
Blindfolded Dame of Resolve,https://i.imgur.com/jSgH9Fs.jpeg,7,"stands unshaken as your blows glance aside, then answers with one perfect riposte",Humanoid,,,
Red-Eyed High Priest,https://i.imgur.com/9Aa0okJ.jpeg,7,meets your gaze without blinking and speaks a prayer that makes your heart forget to beat,Humanoid,,,
White Tiger Drake,https://i.imgur.com/jvbqQaR.jpeg,7,"streaks forward in a blur of stripes and frost, raking you with claws that burn cold",Dragon,,,
Chronoscope Tinker Twins,https://i.imgur.com/k3js0tv.jpeg,7,"twist a dial and skip a heartbeat of time, reappearing behind you with tools turned weapons",Humanoid,,,
Snowflake Arcanist,https://i.imgur.com/oL1AR9W.jpeg,7,twirls a snowflake between her fingers and grows it into a blizzard that carves you to the bone,Humanoid,,,
Azure Skysage,https://i.imgur.com/2tQy0gV.jpeg,7,steps lightly onto a gust and carves the sky into blades of wind and sapphire lightning,Celestial,,,
Shortsword Seraph,https://i.imgur.com/danqmTi.jpeg,7,"drops from above in a flare of feathers and steel, ending the fight in a single clean stroke",Celestial,,,
Crimson Reaper Maiden,https://i.imgur.com/LhcLhmv.jpeg,7,glides through the carnage in a sweep of red and harvests your life with one graceful stroke,Humanoid,,,
Rosewhip Demonette,https://i.imgur.com/QjBwv0J.jpeg,7,flicks her thorned lash in a lazy arc that blossoms into a storm of cuts and stolen warmth,Fiend,,,
Pinkblade Knight Princess,https://i.imgur.com/gwTYo7o.jpeg,7,steps in with courtly poise and drives her candy-pink blade straight through your bravado,Humanoid,,,
Nerubian Bastet Oracle,https://i.imgur.com/qGLj7GY.jpeg,7,"spreads sand and starlight over the ground, reading your fate before striking where it ends",Humanoid,,,
Aged Ironfist Monk,https://i.imgur.com/LVIT6Qa.jpeg,7,"sidesteps with weary grace and drops you with a single, perfectly placed, knuckle-hardened blow",Humanoid,,,
Harrier Manwing Hybrid,https://i.imgur.com/FvYvlsf.jpeg,7,"dives from above with a shriek of wind and talons, tearing through your formation in a single pass",Humanoid,,,
Lazul Mask Blade Dancer,https://i.imgur.com/NMPaR7N.jpeg,7,"spins in a sapphire blur, mask flashing, blades tracing a lattice of cuts you only feel after",Humanoid,,,
Frostscale Dragon Princess,https://i.imgur.com/V4oqmfC.jpeg,7,"snaps her tail and sends shards of hoarfrost spiraling, each one biting deeper than steel",Dragon,,,
Colossal Kraken,https://i.imgur.com/XDeXmR5.jpeg,8,"drags you beneath the waves with titanic, coiling limbs",Aberration,,,
Upper Deva,https://i.imgur.com/y6IjeT9.png,8,unleashes a higher radiance that scours corruption,Celestial,,,
Djinni,https://i.imgur.com/XuHZNll.png,8,summons a cyclone of razored desert winds,Elemental,,,
Do You Even Lift Bro,https://i.imgur.com/MCnafUp.jpeg,8,flexes monstrously and slams you into the ground,Humanoid,,,
Dragon Turtle,https://i.imgur.com/EGA5o7n.png,8,snaps with a tidal wave of steam and dragonfire,Dragon,,,
Drider,https://i.imgur.com/I9mAQIn.png,8,skitters close and thrusts with a poisoned spear,Monstrosity,,,
Efreeti,https://i.imgur.com/D8NGBdr.png,8,unfurls an aura of mind-shattering eldritch terror,Fiend,,,
Elven Demon Hunter,https://i.imgur.com/AT2nokf.jpeg,8,whispers a charm that coils like velvet chains,Humanoid,,,
Savage Ettin,https://i.imgur.com/EHwk1bK.png,8,"argues with itself, then smashes you from both sides",Monstrosity,,,
Ghostflame Warrior,https://i.imgur.com/bRnmnId.jpeg,8,"tears at your flesh with ravenous, undead hunger",Elemental,,,
Goddess Of Time,https://i.imgur.com/9rcsSDa.png,8,"breathes a cone of molten, golden dragonfire",Undead,,,
Hydra,https://i.imgur.com/PgEuOy9.png,8,lashes out with a flurry of snapping serpentine heads,Monstrosity,,,
Imbued Champion,https://i.imgur.com/aiZjW5O.jpeg,8,channels inner power and strikes with pure resolve,Humanoid,,,
Infernal Berserker,https://i.imgur.com/YmP3u6f.jpeg,8,charges in a frenzy of chains and burning rage,Monstrosity,,,
Infernal Summoner,https://i.imgur.com/m1w3hfa.jpeg,8,opens a portal and hurls in an infernal legion,Fiend,,,
Marilith,https://i.imgur.com/yymow1M.png,8,whirls forward with six blades of whistling demonsteel,Fiend,,,
Matriarch of Galaxies,https://i.imgur.com/RF8pW9x.png,8,collapses a swirling galaxy into a single crushing blow,Celestial,,,
Minotaur,https://i.imgur.com/Euc9Wmn.png,8,"charges with horns lowered in a brutal, maze-born gore",Monstrosity,,,
Nalfeshnee,https://i.imgur.com/get5TUH.png,8,"smashes you with a greasy, gore-slicked demonic fist",Fiend,,,
Siren of Symphonies,https://i.imgur.com/ysWckp7.png,8,raises her voice and hurls a chord of shattering sound,Monstrosity,,,
Skybound Envoy,https://i.imgur.com/wUT6p6x.png,8,dives from the heights and strikes like living thunder,Celestial,,,
Solar Goddess,https://i.imgur.com/Te8ZMtt.png,8,"unleashes a ray of immaculate, world-cleansing light",Celestial,,,
Storm Giant,https://i.imgur.com/ANlyrRS.png,8,raises a hand and calls down a spear of living storm,Giant,,,
Tarrasque,https://i.imgur.com/dPM1aG7.png,8,tramples the earth and tears mountains with its claws,Monstrosity,,,
Troll,https://i.imgur.com/mEAAXBt.png,8,swings a club and tears flesh with filthy claws,Monstrosity,,,
Ascended Witch,https://i.imgur.com/8A80Iqe.jpeg,8,whispers an ascendant curse and hurls searing witchfire,Humanoid,,,
Infernal Archmage,https://i.imgur.com/vgZ1ok3.jpeg,8,chants in a dead tongue and hurls a comet of hellfire,Fiend,,,
Malicious Mirth,https://i.imgur.com/iJ7X8gf.jpeg,8,laughs with cruel delight as unseen blades find your flesh,Fiend,,,
Scarlet Seraphim,https://i.imgur.com/wMVbdZJ.jpeg,8,spreads scarlet wings and rains holy fire from above,Fiend,,,
Dichotic Seraphim,https://i.imgur.com/xDDdpXv.jpeg,8,lashes out with twin divine shadows,Undead,,,
Enlightened Eastern Sage,https://i.imgur.com/fTz9LKf.jpeg,8,strikes with enlightened fury,Fiend,,,
Umbral Fiendling,https://i.imgur.com/AOtVPb0.jpeg,8,rends you with umbral claws,Celestial,,,
Angel of Dusk and Dawn,https://i.imgur.com/18CoyYM.jpeg,8,slashes with wings of dusk and dawn,Humanoid,,,
Wandering Starborn,https://i.imgur.com/zkviqMH.jpeg,8,presses in with wandering starfire,Celestial,,,
Chromamace Virtuosa,https://i.imgur.com/r3Czl8j.jpeg,8,smashes you with a painted war-mallet,Humanoid,,,
Bastet Champion,https://i.imgur.com/jw6sNHa.jpeg,8,slashes with claws blessed by Bastet,Humanoid,,,
Charmbinder Mystic,https://i.imgur.com/7t6CFJO.jpeg,8,unleashes a storm of bound talismans,Humanoid,,,
Darkbane Archangel,https://i.imgur.com/4Y63JwV.jpeg,8,strikes with a spear of consecrated light,Celestial,,,
Pyromancer of the Ember Circle,https://i.imgur.com/aAEWgg3.jpeg,8,snaps her fingers and wreathes the battlefield in dancing pillars of flame,Humanoid,,,
Kitsune Sisterhood,https://i.imgur.com/etBZXmS.jpeg,8,laughs in many voices at once and overwhelms you with illusions and foxfire,Fey,,,
Dahlia Oni Bloom,https://i.imgur.com/19ql3cp.jpeg,8,"scatters blood-red petals that bloom into barbed, oni-forged spears",Fiend,,,
Scarlet Blade Princess,https://i.imgur.com/hafZUR2.jpeg,8,whirls in a scarlet arc and carves a path of roses and ruin through your ranks,Humanoid,,,
Cherry Blossom Samurai,https://i.imgur.com/6rjI3Mt.jpeg,8,slides forward on drifting petals and strikes once where your guard is weakest,Humanoid,,,
Veiled Votress of the Sword,https://i.imgur.com/Oq7nlbt.jpeg,8,casts aside her blindfold and turns your next blow into your last mistake,Humanoid,,,
Crimson Night Succubus,https://i.imgur.com/GMIlyMx.jpeg,8,"glides from the shadows in a swirl of silk and leaves you cold, colorless, and hollow",Fiend,,,
Duskwalker Elven Duelist,https://i.imgur.com/C6UxxvY.jpeg,8,slips between lantern pools of light and slices at you from the edge of vision,Humanoid,,,
Hellfire Battlemaiden,https://i.imgur.com/3mIuhue.jpeg,8,spins her blade in a circle of cinders and drags you through a corridor of flame,Humanoid,,,
Midnight Hexcaster,https://i.imgur.com/EHamGEx.jpeg,8,"murmurs a curse and lets midnight ink spill into the air, shaping bolts of pure undoing",Humanoid,,,
Zodiac Starcaller,https://i.imgur.com/jIuB13Y.jpeg,8,draws the constellations into a circle and calls down destiny in the form of falling stars,Celestial,,,
Tigerfang Warborn,https://i.imgur.com/u72b6YT.jpeg,8,"lunges with feral grace and drives you back under a flurry of clawed, war-trained strikes",Humanoid,,,
Dreadbanner Hellknight,https://i.imgur.com/SdI1Q2B.jpeg,8,plants his banner in the earth and calls up a tide of hellfire that marches at his command,Fiend,,,
Silkweb Arachnid Puppeteer,https://i.imgur.com/zLzY3In.jpeg,8,jerks invisible strings and makes your limbs stumble as her spiders close in with needle fangs,Monstrosity,,,
Onyxmail War Queen,https://i.imgur.com/cT14G6E.jpeg,8,meets your charge like a fortress of iron and sends you reeling with a shield-born counterblow,Humanoid,,,
Runebear Axeguard,https://i.imgur.com/F1v8hvK.jpeg,8,meets your swing on her runed axe and returns it with a bear’s strength channeled through stone,Beast,,,
Oni Bladestorm Maiden,https://i.imgur.com/hgFEt0h.jpeg,8,"whirls into a cyclone of steel and oni fury that shreds shields, spears, and resolve alike",Fiend,,,
Azure Tranquil Oni,https://i.imgur.com/C8jcmka.jpeg,8,"breathes once, calming the air, then releases a single cut that parts both storm and armor",Fiend,,,
Lunar Crystal Onmyoji,https://i.imgur.com/sanzy3F.jpeg,8,aligns paper charms with the moon and detonates them into shards of crystallized dusk,Humanoid,,,
Hanfu Yin-Yang Disciple,https://i.imgur.com/ZKz9ItF.jpeg,8,"turns her palm from yin to yang mid-strike, reversing your attack and sending it back into your chest",Humanoid,,,
Frosthammer Elven Warder,https://i.imgur.com/ASk93NY.jpeg,8,brings her hammer down in a crack of ice and judgment that freezes you where you stand,Humanoid,,,
Azure Wolf Spirit,https://i.imgur.com/gvI4paA.jpeg,8,"pads silently at your flank, then lunges with a howl that calls the storm to tear you apart",Celestial,,,
Alien (I),https://i.imgur.com/dFVTPAz.jpeg,9,"assails your mind with alien, buzzing thoughts",Aberration,,,
Ancient Black Dragon,https://i.imgur.com/OwstMI7.png,9,"drowns you beneath an ancient, black tide of acid",Dragon,,,
Ancient Blue Dragon,https://i.imgur.com/mR56mLS.png,9,shatters the sky with a cataclysmic lightning storm,Dragon,,,
Ancient Brass Dragon,https://i.imgur.com/0MSO4QD.png,9,scours the land with a continent-wide sandblast,Dragon,,,
Ancient Gold Dragon,https://i.imgur.com/sKMoMlZ.png,9,calls down a sun-scorching pillar of golden flame,Dragon,,,
Ancient Green Dragon,https://i.imgur.com/nfTcFPK.png,9,rots the world with a plague of emerald miasma,Dragon,,,
Ancient Red Dragon,https://i.imgur.com/kIwUtTD.png,9,reduces all before it to ash and molten stone,Dragon,,,
Ancient Silver Dragon,https://i.imgur.com/wJ0TCW4.png,9,buries you in an avalanche of argent frostfire,Dragon,,,
Ancient White Dragon,https://i.imgur.com/g0yeHsQ.png,9,entombs you in an age-ending glacier of white death,Dragon,,,
Demonic Amalgam,https://i.imgur.com/dQ99UuT.jpeg,9,lashes out with a mass of writhing demonic limbs,Fiend,,,
Dreamwalker,https://i.imgur.com/BlSjlEw.jpeg,9,steps from your own thoughts and strikes unseen,Humanoid,,,
Erinyes,https://i.imgur.com/caxij9c.png,9,"erupts in ghostly flame and searing, reborn talons",Fiend,,,
Ettercap,https://i.imgur.com/7hd0eQr.png,9,brings down both heads' clubs in brutal tandem,Celestial,,,
Infernal Servant,https://i.imgur.com/cUuHgMd.jpeg,9,"lunges with slavish, flame-wreathed claws",Humanoid,,,
Lava Champion,https://i.imgur.com/wEt5B1o.jpeg,9,erupts in a wave of magma and molten steel,Monstrosity,,,
Leviathan,https://i.imgur.com/nVeDr5k.jpeg,9,rises in a tidal wall that blots out the sky,Humanoid,,,
Lunar Goddess,https://i.imgur.com/6MpCS1o.png,9,"unleashes a tidal wave of pure, crushing moonlight",Celestial,,,
Magical Blood,https://i.imgur.com/BNAkFJq.jpeg,9,erupts in a spray of sentient blood that claws for you,Humanoid,,,
Maw of Mischief,https://i.imgur.com/wf1bVOg.png,9,erupts in a cackle and unleashes chaos-touched pranks,Fey,,,
Medusa,https://i.imgur.com/blK9Gnl.png,9,meets your gaze and turns your flesh to dead stone,Monstrosity,,,
Metallic Matriarch,https://i.imgur.com/h5hKXcb.png,9,rings out a clarion roar and strikes with alloyed might,Dragon,,,
Nether Samurai,https://i.imgur.com/IxRb3oA.jpeg,9,draws and cuts with a slash that bleeds pure shadow,Humanoid,,,
Nightmare Princess,https://i.imgur.com/vDtlsPt.jpeg,9,smiles sweetly and unleashes a dream-born nightmare,Humanoid,,,
Oni Swordsmith,https://i.imgur.com/Aidp5dL.jpeg,9,"tests his edge, then cleaves you with a forged curse",Giant,,,
Primordial Elemental,https://i.imgur.com/YZ2bUqJ.png,9,hurls raw elemental chaos in a world-shaping blast,Elemental,,,
Runic Horse Rider,https://i.imgur.com/ioFRvPN.jpeg,9,"thunders past and cuts with a glowing, runic lance",Humanoid,,,
Solar,https://i.imgur.com/GpjhaGL.png,9,points a burning blade of sunfire straight through you,Celestial,,,
Spartan Warrior,https://i.imgur.com/p5sCYfu.jpeg,9,braces behind a shield and drives in with a spear-thrust,Humanoid,,,
Split Personality,https://i.imgur.com/VrsVUFu.jpeg,9,"argues with itself, then hits you from both sides at once",Humanoid,,,
Alien II,https://i.imgur.com/uFf8RYz.jpeg,9,extends a hand and batters you with alien force,Humanoid,,,
Angel of Despair,https://i.imgur.com/m5lJVF8.jpeg,9,raises a broken sword of light and despair,Celestial,,,
Ascended Shieldmaiden,https://i.imgur.com/7hHTQGz.jpeg,9,plants her spear and charges with holy fury,Humanoid,,,
Betrothed Axe Wielder,https://i.imgur.com/4umynKB.jpeg,9,whirls her axe in a lover's arc that ends in blood,Humanoid,,,
Chrono Prisoner,https://i.imgur.com/fUz81YR.jpeg,9,snaps temporal shackles and strikes from another second,Humanoid,,,
Jagged Monstrosity,https://i.imgur.com/bgt7l0m.jpeg,9,"slashes you open with jagged, ever-hungry limbs",Monstrosity,,,
Twilight Inkshade,https://i.imgur.com/8tEOtx8.jpeg,9,spills twilight ink that births claws from your shadow,Aberration,,,
Wasteland Monstrosity,https://i.imgur.com/sri52ig.jpeg,9,lumbers close and crushes you with wasteland-born power,Construct,,,
Celestial Hexmachina,https://i.imgur.com/UlGl9y3.jpeg,9,unleashes a barrage of hexed missiles,Aberration,,,
Starlit Cosmica,https://i.imgur.com/i1cbqIk.jpeg,9,erupts with starlit energy,Celestial,,,
Legion of the Dreadbound,https://i.imgur.com/07EXXfv.jpeg,9,marches forward in dread formation,Humanoid,,,
Azure Blade Dancer,https://i.imgur.com/fNqLYsD.jpeg,9,dances in with a flurry of azure cuts,Humanoid,,,
Neo-Arc Samurai,https://i.imgur.com/3KeZIOT.jpeg,9,slashes with a neon-edged katana,Humanoid,,,
Knight of Blooming Steel,https://i.imgur.com/5mrs4xF.jpeg,9,thrusts with a blade blooming thorns,Humanoid,,,
Nullstar Abomination,https://i.imgur.com/r1DkqNj.jpeg,9,collapses reality into a void singularity,Aberration,,,
Tranquil Blade Adept,https://i.imgur.com/QFthleP.jpeg,9,draws and sheaths in a single serene cut,Humanoid,,,
Dapper Bonewraith,https://i.imgur.com/5tQkN7U.jpeg,9,bows and removes your head with a flourish,Undead,,,
Echidna Brood Matron,https://i.imgur.com/35xr3Dm.jpeg,9,uncoils a nest of vipers and sends them striking from every direction,Monstrosity,,,
Titanic Seraph Guardian,https://i.imgur.com/bnP3vcm.jpeg,9,unfurls titanic wings of light and crushes you beneath their radiant weight,Celestial,,,
Abyssal Fist Disciple,https://i.imgur.com/ELZHbCo.jpeg,9,steps in close and detonates a shockwave that crumples steel and bone alike,Humanoid,,,
Vanguard Dame of the Argent Order,https://i.imgur.com/1HuDWDq.jpeg,9,"locks her stance, absorbs your assault, and drives you back with a ringing counterstrike",Humanoid,,,
Aegisframe Dualblade Automaton,https://i.imgur.com/SqxU4kr.jpeg,9,"whirs to life, blades flashing in mirrored arcs that leave only sparks and silence",Construct,,,
Titanic Wildbeast,https://i.imgur.com/jcFKZkJ.jpeg,9,"crashes through trees and stone alike, then slams you down with a roar that shakes the valley",Beast,,,
Phantasmal Bone Succubus,https://i.imgur.com/y3qkeMX.jpeg,9,"steps out of your peripheral vision and siphons warmth and will with a gentle, skeletal touch",Fiend,,,
Violet Terrorblade,https://i.imgur.com/J7VmoCK.jpeg,9,"raises a blade of violet dread that hums with fear, then carves your courage out from within",Humanoid,,,
Choir of Heaven and Hell,https://i.imgur.com/tUG1fS7.jpeg,9,lets angelic hymns and demonic screams merge into a chorus that shatters stone and sanity,Celestial,,,
Arbiter of Creation,https://i.imgur.com/PPVhcZP.jpeg,10,speaks a word that shapes reality around you,Celestial,,,
Archangel,https://i.imgur.com/oNxmJGM.jpeg,10,cleaves you with a sword of purest radiance,Celestial,,,
Armored Bear,https://i.imgur.com/XaimgGV.jpeg,10,"mauls you with crushing, steel-clad claws",Beast,,,
Avatar of Decay,https://i.imgur.com/k81TkO1.jpeg,10,rots your body with waves of necrotic blight,Fiend,,,
Avatar of Lust,https://i.imgur.com/LXS8Uxs.jpeg,10,"ensnares you in a fevered, sinful embrace",Humanoid,,,
Bahamut,https://i.imgur.com/y4nTc07.jpeg,10,"descends in a beam of blinding, draconic light",Beast,,,
Blood Executioner,https://i.imgur.com/m3EoiB9.jpeg,10,brings down a gore-slicked axe for the kill,Beast,,,
Bloody Marionette,https://i.imgur.com/pRc7D2h.jpeg,10,lashes you with strings soaked in congealed blood,Dragon,,,
Carnage Incarnate,https://i.imgur.com/LvSkn7H.jpeg,10,erupts in a frenzy of blades and torn flesh,Humanoid,,,
Chrono Warrior,https://i.imgur.com/H6JqycO.jpeg,10,strikes in a blur that distorts the flow of time,Humanoid,,,
Corrupted Joan,https://i.imgur.com/FSlhB3s.jpeg,10,raises a radiant banner and strikes with holy wrath,Humanoid,,,
Cosmic Void,https://i.imgur.com/RIUjecp.jpeg,10,collapses your will into a hungry point of nothing,Aberration,,,
Demonic Champion,https://i.imgur.com/pDYCgWm.jpeg,10,"cleaves through you with hell-forged, rune-lit steel",Fiend,,,
Eldritch Nightmare,https://i.imgur.com/YBpMHxB.jpeg,10,"gores and tramples with unstoppable, ponderous might",Aberration,,,
Galactic Void,https://i.imgur.com/2huEqBh.jpeg,10,summons a slicing tempest and dances through it,Fiend,,,
Templar Of Purity,https://i.imgur.com/nisa1ak.jpeg,10,steps forward in shining mail and smites with pure light,Humanoid,,,
Thunder Valkyrie,https://i.imgur.com/iDh97CA.jpeg,10,wreathes herself in thunder and carves you from the sky,Humanoid,,,
Unchained Entity,https://i.imgur.com/v99VqIy.jpeg,10,casts aside its shackles and strikes with unbound fury,Monstrosity,,,
Void Assassin,https://i.imgur.com/XGBJwDy.jpeg,10,appears at your back and cuts with a blade of darkness,Dragon,,,
Voidbound Sorcerer,https://i.imgur.com/ZOyQtu5.jpeg,10,twists the void into a bolt of starless sorcery,Elemental,,,
Cosmic Dragon,https://i.imgur.com/be1Bz0Z.jpeg,10,roars and breathes a spiral of star-dusted dragonfire,Dragon,,,
Dragonborn Berserker,https://i.imgur.com/4B3Lq9Y.jpeg,10,froths with rage and hacks with a brutal greataxe,Humanoid,,,
Galactic Elemental,https://i.imgur.com/gpon39q.jpeg,10,gathers constellations and hurls them as spears of chaos,Elemental,,,
Gravebound Deity,https://i.imgur.com/esKBBLh.jpeg,10,reaches from the grave and crushes you with divine ruin,Celestial,,,
Planet Eater,https://i.imgur.com/qS84IMa.jpeg,10,leans close and bites a chunk from the very world,Monstrosity,,,
Unknown Lifeform,https://i.imgur.com/ZUomByM.jpeg,10,slithers closer and touches you with unknowable essence,Humanoid,,,
Galaxia Oracle,https://i.imgur.com/t6UaFMb.jpeg,10,warps space with a spiral of galaxies,Humanoid,,,
Thanatos Starcore,https://i.imgur.com/Z12rjGI.jpeg,10,bombards you with star-killing beams,Aberration,,,
Thunderous Twinmaul,https://i.imgur.com/Ny3M9IT.jpeg,10,crashes down twin hammers like thunder,Humanoid,,,
Thousand-Handed Deity,https://i.imgur.com/XG3XtHA.jpeg,10,strikes with a forest of spectral arms,Celestial,,,
Skyhorn Oni Warlord,https://i.imgur.com/zkUAGAN.jpeg,10,hurls a horned shadow across the sky and brings her blade down like a falling star,Fiend,,,
Bloodrose Succubus Coven,https://i.imgur.com/PGKSKUY.jpeg,10,breaks into wicked laughter as a storm of thorned kisses drains your strength,Fiend,,,
Voidborn Astral Bladesinger,https://i.imgur.com/L5i2h5M.jpeg,10,steps through a seam in reality and carves you apart with blades that sing of empty space,Celestial,,,
Crimson Winged Valkyrie,https://i.imgur.com/l4Axsm4.jpeg,10,erupts from a crimson dive and scythes past you on a gale of wing-feathered steel,Celestial,,,
Musclebound War Deity,https://i.imgur.com/3ltFNgw.jpeg,10,"laughs like thunder, claps his hands, and sends a shockwave that hurls you off your feet",Celestial,,,
Celestial Halfblood Paragon,https://i.imgur.com/3LKMXmg.jpeg,10,"unfurls wings of light and shadow, striking with a blow that judges every sin and virtue at once",Celestial,,,
Celestial Mystery,https://i.imgur.com/e7AbFUt.jpeg,10,speaks a riddle that twists fate and memory,Construct,,,
Chaos Deity,https://i.imgur.com/2uJbpoK.jpeg,10,tears the fabric of order with a chaotic pulse,Giant,,,
Cosmic Being,https://i.imgur.com/HhkE2kR.jpeg,10,unfurls the cosmos and crushes you with star-matter,Aberration,,,
Open Minded,https://i.imgur.com/tM5L4pw.jpeg,10,opens their thoughts and assails you with mental force,Humanoid,,,
"NEET, Sadge",https://i.imgur.com/6f9OJ4s.jpeg,444,complains loudly. Your void fragments react,Humanoid,,,
"NEET, Madge",https://i.imgur.com/j5JfiOK.jpeg,445,casts a chuuni spell,Humanoid,,,
"NEET, REEEEE",https://i.imgur.com/hd9Ymqe.jpeg,446,communes with the void fragments. They unleash a devastating shockwave,Humanoid,,,
"NEET, Deadge",https://i.imgur.com/hr9SKus.png,447,stands stoically,Humanoid,,,
Castor the Mortal,https://i.imgur.com/fWWdyA0.jpeg,555,steps forward and strikes with a hero's mortal steel,Humanoid,,,
Pollux the Divine,https://i.imgur.com/ndSizEP.jpeg,556,descends in radiance and smites with divine might,Celestial,,,
The Gemini Twins,https://i.imgur.com/lDOo8zj.png,557,"move as one, crossing their blows in a twin-fated strike",Celestial,,,
"Lucifer, Fallen",https://i.imgur.com/gEYY2MC.jpeg,663,lashes out with wings of blackened divinity and rage,Fiend,,,
"Lucifer, Maddened",https://i.imgur.com/OWAFpQp.jpeg,664,screams defiance and hurls chains of fallen starlight,Fiend,,,
"Lucifer, Enraged",https://i.imgur.com/w8Ko53p.jpeg,665,"erupts in a storm of apocalyptic, hell-forged flame",Fiend,,,
"Lucifer, Unbound",https://i.imgur.com/lBw1tGj.jpeg,666,tears reality with shackles of light that snap and fall away,Fiend,,,
"Aphrodite, Heaven's Envoy",https://i.imgur.com/sWGRcSK.png,886,shoots an angelic ray,Celestial,,,
"Aphrodite, the Eternal",https://i.imgur.com/ReSITHv.png,887,twists the fabric of existence,Celestial,,,
"Aphrodite, Harbinger of Destruction",https://i.imgur.com/4C7wxRJ.png,888,wills into being a cataclysm,Celestial,,,
Capybara Sauna,https://i.imgur.com/qumq3rP.png,999,"splashes you with scalding, herbal springwater",Aberration,,,
KPOP STAR,https://i.imgur.com/3OI1tI1.png,999,"hits the beat, then strikes with impossible precision",Celestial,,,
Loot Goblin,https://i.imgur.com/D1Qn2EQ.png,999,scatters coins and strikes while your gaze falters,Humanoid,,,
Random Korean Lady,https://i.imgur.com/hQB7G5k.png,999,gives you a puzzled look and strikes without warning,Humanoid,,,
Treasure Chest,https://i.imgur.com/7GXtbaH.png,999,snaps its lid and bites with rows of greedy teeth,Beast,,,
Yggdrasil,https://i.imgur.com/nuE1h9r.jpeg,999,shakes the world and smites you with roots of creation,Humanoid,,,
